year,retrench_total,retrench_resident,retrench_non_resident,incidence_total,incidence_resident,incidence_non_resident
2007,8590,6010,2580,6,6.1,5.7
2008,16880,10360,6520,10.6,10.1,11.6
2009,23430,14510,8910,14.2,13.8,14.9
2010,9800,5670,4140,5.7,5.2,6.6
2011,9990,5740,4260,5.5,5.1,6.2
2012,11010,6880,4130,5.8,5.9,5.6
2013,11560,7520,4050,5.8,6.3,5.1
2014,12930,7240,5690,6.3,5.8,7
2015,15580,9090,6490,7.4,7.1,7.7
2016,19170,11080,8090,8.9,8.6,9.5
2017,14720,9120,5610,7,7.1,6.9
2018,10730,7070,3660,5.1,5.4,4.6
2019,10690,6790,3890,5.1,5.2,4.9
2020,26110,14380,11730,12.8,11.1,15.7
2021,8020,6430,1590,4.4,5.3,2.7
2022,6440,4580,1860,3.1,3.4,2.6
2023,14590,9990,4600,6.7,7.3,5.7
2024,13020,9380,3640,5.9,6.7,4.4
2025,14490,10670,3820,6.3,7.4,4.4
